Letha,Bauch,emelie@yahoo.com,1-257-899-2207 x42629,2016-04-15 06:42:30 -0500
Garnett,Rice,ryan@gmail.com,706.998.7247,2016-04-19 09:50:08 -0500
Lori,O'Keefe,randy.waelchi@yahoo.com,271-380-7621,2016-04-19 06:34:11 -0500
Sidney,Herman,mohammed_heathcote@gmail.com,(599) 129-5609 x569,2016-04-12 11:17:24 -0500
Lewis,Nitzsche,edgardo_leannon@hotmail.com,452.017.8918,2016-04-23 11:32:36 -0500
Herminia,Botsford,ewald@yahoo.com,1-203-565-7753 x680,2016-04-22 07:21:20 -0500
Stuart,Lowe,vance@hotmail.com,785-722-6401 x0168,2016-04-24 08:27:12 -0500
Stanley,Graham,moriah_zieme@gmail.com,(824) 739-8468,2016-04-18 06:45:48 -0500
Reid,Leannon,tiara@yahoo.com,(265) 033-9327 x6850,2016-04-19 07:52:10 -0500
Leonora,Willms,monty_conroy@hotmail.com,381.377.9603 x49990,2016-04-19 11:37:03 -0500
